분류1,분류2,분류3(기전),성분명,상품명
[1. 순환기계질환],고혈압 치료제,ACEi (pril),Enalapril,레니프릴[cite: 1]
[1. 순환기계질환],고혈압 치료제,ACEi (pril),Perindopril,아서틸[cite: 1]
[1. 순환기계질환],고혈압 치료제,ACEi (pril),Alacepril,세타프릴[cite: 1]
[1. 순환기계질환],고혈압 치료제,ACEi (pril),Captopril,카프릴[cite: 1]
[1. 순환기계질환],고혈압 치료제,ACEi (pril),Ramipril,트리테이스[cite: 1]
[1. 순환기계질환],고혈압 치료제,ARB (sartan),Valsartan,디오반[cite: 1]
[1. 순환기계질환],고혈압 치료제,ARB (sartan),Telmisartan,미카르디스[cite: 1]
[1. 순환기계질환],고혈압 치료제,ARB (sartan),Telmisartan,프리토[cite: 1]
[1. 순환기계질환],고혈압 치료제,ARB (sartan),Irbesartan,아프로벨[cite: 1]
[1. 순환기계질환],고혈압 치료제,ARB (sartan),Losartan,코자[cite: 1]
[1. 순환기계질환],고혈압 치료제,ARB (sartan),Candesartan,아타칸[cite: 1]
[1. 순환기계질환],고혈압 치료제,ARB (sartan),Azilsartan,이달비[cite: 1]
[1. 순환기계질환],고혈압 치료제,ARB (sartan),Fimasartan,카나브[cite: 1]
[1. 순환기계질환],고혈압 치료제,ARB (sartan),Eprosartan,테베텐[cite: 1]
[1. 순환기계질환],고혈압 치료제,BB (비선택성),Propranolol,인데놀[cite: 1]
[1. 순환기계질환],고혈압 치료제,BB (선택성),Atenolol,테놀민[cite: 1]
[1. 순환기계질환],고혈압 치료제,BB (선택성),Bisoprolol,콩코르[cite: 1]
[1. 순환기계질환],고혈압 치료제,BB (선택성),S-Atenolol,레보테놀[cite: 1]
[1. 순환기계질환],고혈압 치료제,BB(혈관확장성),Nebivolol,네비스톨[cite: 1]
[1. 순환기계질환],고혈압 치료제,BB(혈관확장성),Carvedilol,딜라트렌[cite: 1]
[1. 순환기계질환],고혈압 치료제,NonDHP-CCB,Verapamil,이솝틴[cite: 1]
[1. 순환기계질환],고혈압 치료제,NonDHP-CCB,Diltiazem,헤르벤[cite: 1]
[1. 순환기계질환],고혈압 치료제,DHP-CCB,Amlodipine,노바스크[cite: 1]
[1. 순환기계질환],고혈압 치료제,DHP-CCB,s-Amlodipine,레보텐션[cite: 1]
[1. 순환기계질환],고혈압 치료제,DHP-CCB,Benidipine,로디엔[cite: 1]
[1. 순환기계질환],고혈압 치료제,DHP-CCB,Nifedipine,아달라트[cite: 1]
[1. 순환기계질환],고혈압 치료제,DHP-CCB,Nifedipine,니페론[cite: 1]
[1. 순환기계질환],고혈압 치료제,DHP-CCB,Nifedipine,코디핀[cite: 1]
[1. 순환기계질환],고혈압 치료제,DHP-CCB,Lercanidipine,자니딥[cite: 1]
[1. 순환기계질환],고혈압 치료제,a1 차단제,Terazosin,일양하이트린[cite: 1]
[1. 순환기계질환],고혈압 치료제,a1 차단제,Doxazosin,카두라엑스엘[cite: 1]
[1. 순환기계질환],고혈압 치료제,혈관확장제,Minoxidil,현대미녹시딜[cite: 1]
[1. 순환기계질환],고혈압 치료제,혈관확장제,Hydralazine,삼진히드랄라진[cite: 1]
[1. 순환기계질환],고혈압 치료제,중추성 교감차단제,Clonidine,베이서방[cite: 1]
[1. 순환기계질환],협심증 치료제,질산염 제제,Nitroglycerin,니트로링구알 스프레이[cite: 1]
[1. 순환기계질환],협심증 치료제,질산염 제제,Nitroglycerin,명문 NTG 설하[cite: 1]
[1. 순환기계질환],협심증 치료제,질산염 제제,Isosorbide dinitrate,이소켓서방[cite: 1]
[1. 순환기계질환],협심증 치료제,BB,-,고혈압 참고[cite: 1]
[1. 순환기계질환],협심증 치료제,CCB,-,고혈압 참고[cite: 1]
[1. 순환기계질환],심부전 치료제,디기탈리스,Digoxin,디고신[cite: 1]
[1. 순환기계질환],심부전 치료제,Beta 흥분제,Dobutamine,토부렉스주[cite: 1]
[1. 순환기계질환],심부전 치료제,PDE 억제제,Milrinone,프리마코주[cite: 1]
[1. 순환기계질환],심부전 치료제,BB,-,고혈압 참고[cite: 1]
[1. 순환기계질환],심부전 치료제,ACEI / ARB,-,고혈압 참고[cite: 1]
[1. 순환기계질환],심부전 치료제,SGLT-2i,-,당뇨 참고[cite: 1]
[1. 순환기계질환],이뇨제,Loop,Furosemide,라식스
[1. 순환기계질환],이뇨제,Loop,Torsemide,토렘
[1. 순환기계질환],이뇨제,Loop,Azosemide,유레틴
[1. 순환기계질환],이뇨제,Loop,Xipamide,디유렉
[1. 순환기계질환],이뇨제,기타 이뇨제,Tolvaptan,삼스카정
[1. 순환기계질환],이뇨제,탄산탈수효소 Inh,Acetazolamide,아세타졸정
[1. 순환기계질환],이뇨제,칼륨보존 이뇨제,Spironolactone,알닥톤
[1. 순환기계질환],이뇨제,칼륨보존 이뇨제,Finerenone,케렌디아(당뇨)
[1. 순환기계질환],이뇨제,칼륨보존 이뇨제,Amiloride,아미로
[1. 순환기계질환],이뇨제,Thiazide 계 및 유사체,Hydrochlorothiazide,다이크로짇
[1. 순환기계질환],이뇨제,Thiazide 계 및 유사체,Indapamide,후루덱스
[1. 순환기계질환],이뇨제,Thiazide 계 및 유사체,Chlorthalidone,이달비클로
[1. 순환기계질환],고지혈증 치료제,HMG-CoA,Fluvastatin,레스콜엑스엘
[1. 순환기계질환],고지혈증 치료제,HMG-CoA,Pitavastatin,리바로
[1. 순환기계질환],고지혈증 치료제,HMG-CoA,Lovastatin,로바로드
[1. 순환기계질환],고지혈증 치료제,HMG-CoA,Atorvastatin,리피토
[1. 순환기계질환],고지혈증 치료제,HMG-CoA,Rosuvastatin,크레스토
[1. 순환기계질환],고지혈증 치료제,HMG-CoA,Simvastatin,조코
[1. 순환기계질환],고지혈증 치료제,HMG-CoA,Pravastatin,메바로친
[1. 순환기계질환],고지혈증 치료제,Fibrate,Fenofibrate,리피딜슈프라
[1. 순환기계질환],고지혈증 치료제,Fibrate,Fenofibric acid Choline,글리펜서방
[1. 순환기계질환],고지혈증 치료제,Fibrate,Fenofibrate,페노시드
[1. 순환기계질환],고지혈증 치료제,Fibrate,Fenofibrate,티지페논
[1. 순환기계질환],고지혈증 치료제,Fibrate,Gemfibrozil,제일로피드
[1. 순환기계질환],고지혈증 치료제,Nicotinic acid 계,Niacin,브이트리주
[1. 순환기계질환],고지혈증 치료제,Nicotinic acid 계,Acipimox,일동올베탐
[1. 순환기계질환],고지혈증 치료제,기타,Omega-3,오마코연질 C
[1. 순환기계질환],고지혈증 치료제,기타,Ezetimibe,이지트롤
[1. 순환기계질환],부정맥 치료제,Na+ 유입 차단제,Propafenone,리트모놈 SR 서방
[1. 순환기계질환],부정맥 치료제,Na+ 유입 차단제,Propafenone,프로페논
[1. 순환기계질환],부정맥 치료제,Na+ 유입 차단제,Flecainide,탬보코
[1. 순환기계질환],부정맥 치료제,Na+ 유입 차단제,Phenytoin,부광페니토인
[1. 순환기계질환],부정맥 치료제,BB,-,고혈압 참고
[1. 순환기계질환],부정맥 치료제,CCB,-,고혈압 참고[cite: 1]
[1. 순환기계질환],부정맥 치료제,K+ 유출 차단제,Dronedarone,멀택
[1. 순환기계질환],부정맥 치료제,K+ 유출 차단제,Dronedarone,삼진드론
[1. 순환기계질환],부정맥 치료제,K+ 유출 차단제,Amiodarone,코다론
[1. 순환기계질환],부정맥 치료제,K+ 유출 차단제,Sotalol,소타론
[1. 순환기계질환],부정맥 치료제,디기탈리스,Digoxin,디고신
[1. 순환기계질환],저혈압 치료제,-,Midodrine,미드론
[1. 순환기계질환],혈액순환장애 치료제,뇌순환 개선,Nicardipine,페르디핀서방
[1. 순환기계질환],혈액순환장애 치료제,뇌순환 개선,Nimodipine,니모디핀
[1. 순환기계질환],혈액순환장애 치료제,뇌순환 개선,Nicergoline,사미온
[1. 순환기계질환],혈액순환장애 치료제,뇌순환 개선,Citicoline,소마지나
[1. 순환기계질환],혈액순환장애 치료제,정맥순환 개선,Vitis vinifera Leaf,안탁스
[1. 순환기계질환],혈액순환장애 치료제,정맥순환 개선,Vitis vinifera Seed,엔테론정
[1. 순환기계질환],혈액순환장애 치료제,정맥순환 개선,Ginkgo Ext,기넥신에프
[1. 순환기계질환],혈액순환장애 치료제,정맥순환 개선,Ginkgo Ext,타나민
[1. 순환기계질환],혈액순환장애 치료제,정맥순환 개선,Ginkgo Ext,세보칸
[1. 순환기계질환],혈액순환장애 치료제,정맥순환 개선,Centella Asiatica,센시아
[1. 순환기계질환],혈액순환장애 치료제,정맥순환 개선,Micronized Flavonoid,베니톨
[1. 순환기계질환],혈액순환장애 치료제,정맥순환 개선,Diosmin,치퀵
[1. 순환기계질환],혈액순환장애 치료제,정맥순환 개선,Diosmin,디오맥스
[1. 순환기계질환],혈액순환장애 치료제,정맥순환 개선,Naftazone,베노론
[1. 순환기계질환],혈액순환장애 치료제,정맥순환 개선,Naftazone,메디아벤엘
[1. 순환기계질환],혈액순환장애 치료제,정맥순환 개선,Dobesilate,독시움
[1. 순환기계질환],혈액순환장애 치료제,말초혈액순환 개선,Limaprost,오팔몬
[1. 순환기계질환],혈액순환장애 치료제,말초혈액순환 개선,Alprostadil,에글란딘
[1. 순환기계질환],폐고혈압 치료제,Endothelin 수용체 길항제,Ambrisentan,볼리브리스
[1. 순환기계질환],폐고혈압 치료제,Endothelin 수용체 길항제,Macitentan,옵서미트
[1. 순환기계질환],폐고혈압 치료제,Endothelin 수용체 길항제,Bosentan,트라클리어
[1. 순환기계질환],폐고혈압 치료제,PGI2 유도체,Beraprost,베라실
[1. 순환기계질환],폐고혈압 치료제,PDE5 억제제,Sildenafil,비아그라